,name,link,Acceptance Rate,Total_Applicants,SAT Range,SAT Reading,SAT Math,Students Submitting SAT,ACT Range,ACT English,ACT Math,ACT Writing,Students Submitting ACT
0,Massachusetts Institute of Technology,https://www.niche.com/colleges/massachusetts-institute-of-technology/admissions,7%,"20,247",1490-1570,720-770,770-800,72%,33-35,34-36,34-36,10-Aug,55%
1,Stanford University,https://www.niche.com/colleges/stanford-university/admissions,5%,"44,073",1390-1540,690-760,700-780,78%,32-35,33-36,30-35, ,61%
2,Harvard University,https://www.niche.com/colleges/harvard-university/admissions,5%,"39,506",1460-1590,730-790,730-800,67%,32-35,34-36,31-35,10-Aug,53%
3,Yale University,https://www.niche.com/colleges/yale-university/admissions,7%,"32,879",1460-1580,730-780,730-800,61%,32-35,34-36,31-35, ,57%
4,Princeton University,https://www.niche.com/colleges/princeton-university/admissions,6%,"31,056",1430-1570,710-780,720-790,65%,31-35,33-35,30-35,10-Aug,54%
5,University of Pennsylvania,https://www.niche.com/colleges/university-of-pennsylvania/admissions,9%,"40,413",1420-1560,700-770,720-790,46%,32-35,33-35,30-35,10-Aug,54%
6,Columbia University,https://www.niche.com/colleges/columbia-university/admissions,7%,"38,118",1410-1570,700-780,710-790,59%,31-34,33-35,29-35,10-Aug,57%
7,Duke University,https://www.niche.com/colleges/duke-university/admissions,10%,"33,077",1380-1540,670-750,710-790,31%,31-35,32-35,30-35,10-Aug,70%
8,Brown University,https://www.niche.com/colleges/brown-university/admissions,8%,"32,723",1400-1570,700-780,700-790,55%,31-35,32-35,29-35, ,61%
9,California Institute of Technology,https://www.niche.com/colleges/california-institute-of-technology/admissions,8%,"7,339",1530-1590,750-790,780-800,65%,34-35,34-36,35-36,10-Aug,56%
10,Washington University in St. Louis,https://www.niche.com/colleges/washington-university-in-st-louis/admissions,16%,"30,463",1470-1570,720-770,750-800,22%,32-34,33-35,31-35,10-Aug,81%
11,Rice University,https://www.niche.com/colleges/rice-university/admissions,16%,"18,063",1490-1580,730-780,760-800,60%,33-35,33-35,31-35,10-Aug,70%
12,University of Notre Dame,https://www.niche.com/colleges/university-of-notre-dame/admissions,19%,"19,564",1370-1520,680-750,690-770,36%,32-34, , , ,78%
13,Northwestern University,https://www.niche.com/colleges/northwestern-university/admissions,9%,"37,259",1420-1560,700-770,720-790,35%,32-34,32-34,32-34,10-Aug,77%
14,University of Chicago,https://www.niche.com/colleges/university-of-chicago/admissions,8%,"27,694",1480-1580,730-780,750-800,47%,32-35,33-35,31-35, ,67%
15,Pomona College,https://www.niche.com/colleges/pomona-college/admissions,8%,"9,045",1370-1530,690-760,680-770,52%,30-34,32-35,28-34, ,66%
16,Bowdoin College,https://www.niche.com/colleges/bowdoin-college/admissions,14%,"7,251",1360-1510,670-760,670-760,53%,31-33,31-35,29-34,10-Aug,27%
17,Vanderbilt University,https://www.niche.com/colleges/vanderbilt-university/admissions,11%,"31,462",1440-1570,710-770,730-800,34%,32-35,33-35,30-35,10-Aug,74%
18,Dartmouth College,https://www.niche.com/colleges/dartmouth-college/admissions,10%,"20,035",1430-1560,710-770,720-790,52%,30-34,32-35,29-35, ,48%
19,University of Southern California,https://www.niche.com/colleges/university-of-southern-california/admissions,17%,"56,676",1300-1500,650-730,650-770,55%,30-34,30-35,28-34, ,61%
20,Cornell University,https://www.niche.com/colleges/cornell-university/admissions,13%,"47,039",1390-1550,690-760,700-790,64%,31-34,32-35,30-35, ,56%
21,Georgetown University,https://www.niche.com/colleges/georgetown-university/admissions,16%,"21,462",1350-1520,680-760,670-760,68%,30-34,31-35,28-34, ,55%
22,University of Michigan - Ann Arbor,https://www.niche.com/colleges/university-of-michigan---ann-arbor/admissions,27%,"59,886",1330-1500,660-730,670-770,53%,30-33,30-35,28-34,9-Aug,76%
23,Amherst College,https://www.niche.com/colleges/amherst-college/admissions,13%,"9,285",1400-1560,700-770,700-790,33%,32-34,33-35,29-34, ,67%
24,Tufts University,https://www.niche.com/colleges/tufts-university/admissions,15%,"21,101",1410-1540,700-760,710-780,34%,31-34, , , ,66%
25,Johns Hopkins University,https://www.niche.com/colleges/johns-hopkins-university/admissions,13%,"27,156",1450-1570,720-770,730-800,43%,33-35,33-35,31-35,10-Aug,56%
26,Emory University,https://www.niche.com/colleges/emory-university/admissions,22%,"23,747",1350-1520,670-740,680-780,57%,30-33,30-34,28-33,10-Aug,64%
27,University of Virginia,https://www.niche.com/colleges/university-of-virginia/admissions,27%,"36,779",1310-1500,660-740,650-760,74%,29-33,30-35,28-33,10-Aug,52%
28,University of California - Los Angeles,https://www.niche.com/colleges/university-of-california---los-angeles/admissions,16%,"102,225",1220-1450,620-710,600-740,76%,29-34,28-35,27-34, ,62%
29,Swarthmore College,https://www.niche.com/colleges/swarthmore-college/admissions,11%,"9,382",1380-1540,690-760,690-780,58%,31-34,31-35,29-34,10-Aug,60%
30,United States Military Academy at West Point,https://www.niche.com/colleges/united-states-military-academy-at-west-point/admissions,10%,"12,973",1180-1400,580-690,600-710,86%,23-28,26-34,23-29,9-Aug,82%
31,Middlebury College,https://www.niche.com/colleges/middlebury-college/admissions,17%,"8,909",1320-1510,660-750,660-760,49%,30-34, , , ,63%
32,Carnegie Mellon University,https://www.niche.com/colleges/carnegie-mellon-university/admissions,22%,"20,497",1430-1560,700-760,730-800,70%,32-35,32-35,32-35, ,51%
33,Barnard College,https://www.niche.com/colleges/barnard-college/admissions,15%,"7,716",1310-1500,660-760,650-740,50%,30-33,32-35,27-32, ,62%
34,Carleton College,https://www.niche.com/colleges/carleton-college/admissions,21%,"6,499",1360-1530,680-760,680-770,46%,31-34, , , ,66%
35,Washington & Lee University,https://www.niche.com/colleges/washington--and--lee-university/admissions,22%,"5,455",1350-1490,680-740,670-750,35%,31-33,31-35,28-33, ,65%
36,University of California - Berkeley,https://www.niche.com/colleges/university-of-california---berkeley/admissions,17%,"85,044",1260-1480,630-720,630-760,73%,30-34,29-35,28-35, ,58%
37,Georgia Institute of Technology,https://www.niche.com/colleges/georgia-institute-of-technology/admissions,23%,"31,497",1090-1520,370-730,720-790,49%,30-34,31-35,30-35,9-Aug,51%
38,Wellesley College,https://www.niche.com/colleges/wellesley-college/admissions,28%,"5,666",1360-1530,660-750,650-750,66%,30-33,31-35,27-33,10-Aug,50%
39,Haverford College,https://www.niche.com/colleges/haverford-college/admissions,20%,"4,408",1390-1530,700-760,690-770,59%,31-34,32-35,29-34,10-Aug,52%
40,Claremont McKenna College,https://www.niche.com/colleges/claremont-mckenna-college/admissions,10%,"6,349",1340-1510,660-740,680-770,45%,30-34,30-35,28-34, ,66%
41,Williams College,https://www.niche.com/colleges/williams-college/admissions,15%,"8,593",1400-1570,710-780,690-790,59%,31-35,32-35,29-34, ,60%
42,Bates College,https://www.niche.com/colleges/bates-college/admissions,22%,"5,316",1385-1460,695-730,690-730, ,30-32, , , , 
43,University of North Carolina at Chapel Hill,https://www.niche.com/colleges/university-of-north-carolina-at-chapel-hill/admissions,24%,"39,650",1270-1460,640-720,630-740,39%,28-33,28-34,27-32,9-Aug,64%
44,Wake Forest University,https://www.niche.com/colleges/wake-forest-university/admissions,28%,"13,071",1270-1410, , , ,28-32, , , , 
45,Northeastern University,https://www.niche.com/colleges/northeastern-university/admissions,27%,"54,209",1370-1520,680-750,690-770,33%,32-34,32-35,30-34,9-Jul,53%
46,Virginia Tech,https://www.niche.com/colleges/virginia-tech/admissions,70%,"27,423",1180-1360,590-670,590-690,83%,25-30,24-31,25-30, ,45%
47,University of Texas - Austin,https://www.niche.com/colleges/university-of-texas---austin/admissions,36%,"51,033",1220-1460,620-720,600-740,73%,26-33,25-34,26-32,9-Aug,64%
48,Lehigh University,https://www.niche.com/colleges/lehigh-university/admissions,25%,"13,871",1270-1430,620-700,650-730,51%,29-32,28-34,27-32, ,49%
49,Colby College,https://www.niche.com/colleges/colby-college/admissions,16%,"11,190",1340-1500,670-740,670-760,49%,31-33,31-35,28-33, ,55%
50,Boston College,https://www.niche.com/colleges/boston-college/admissions,32%,"28,454",1320-1490,660-760,660-730,60%,31-33,31-35,28-33,10-Aug,56%
51,College of William & Mary,https://www.niche.com/colleges/college-of-william--and--mary/admissions,36%,"14,921",1300-1480,660-740,640-740,73%,29-33,30-35,27-32,10-Jun,49%
52,Hamilton College,https://www.niche.com/colleges/hamilton-college/admissions,24%,"5,678",1360-1510,680-750,680-760,36%,31-33, , , ,47%
53,Davidson College,https://www.niche.com/colleges/davidson-college/admissions,20%,"5,673",1310-1470,660-740,650-730,53%,30-33, , , ,66%
54,Colgate University,https://www.niche.com/colleges/colgate-university/admissions,28%,"8,542",1310-1500,660-730,650-770,36%,31-33,31-35,28-33, ,64%
55,Smith College,https://www.niche.com/colleges/smith-college/admissions,32%,"5,432",1240-1470,620-730,620-740, ,28-31, , , , 
56,New York University,https://www.niche.com/colleges/new-york-university/admissions,28%,"64,007",1290-1490,650-730,640-760,59%,29-33, , , ,47%
57,University of Richmond,https://www.niche.com/colleges/university-of-richmond/admissions,33%,"10,013",1270-1460,630-710,640-750,41%,29-32, , , ,59%
58,Wesleyan University,https://www.niche.com/colleges/wesleyan-university/admissions,16%,"12,360",1300-1480,640-740,660-740,80%,29-33,29-34,27-33, ,41%
59,University of Wisconsin,https://www.niche.com/colleges/university-of-wisconsin/admissions,54%,"35,596",1280-1450,620-690,660-760,17%,27-31,26-33,26-31,9-Aug,89%
60,Harvey Mudd College,https://www.niche.com/colleges/harvey-mudd-college/admissions,15%,"4,078",1470-1570,720-770,750-800,66%,33-35,33-35,33-35,10-Aug,59%
61,University of Florida,https://www.niche.com/colleges/university-of-florida/admissions,42%,"32,747",1240-1400,620-710,620-690,79%,28-32,27-34,26-31,9-Aug,71%
62,University of Rochester,https://www.niche.com/colleges/university-of-rochester/admissions,34%,"19,058",1300-1490,640-720,660-770,64%,29-33,28-34,28-34,9-Aug,49%
63,University of Illinois at Urbana-Champaign,https://www.niche.com/colleges/university-of-illinois-at-urbana-champaign/admissions,62%,"38,965",1340-1500,630-710,710-790,22%,26-32,25-33,25-33,9-Aug,85%
64,Bucknell University,https://www.niche.com/colleges/bucknell-university/admissions,31%,"10,253",1250-1420,620-700,630-720,66%,28-31,28-33,26-31,10-Sep,53%
65,Boston University,https://www.niche.com/colleges/boston-university/admissions,25%,"60,825",1300-1480,640-720,660-760,63%,29-32,28-34,27-32,9-Aug,52%
66,University of Georgia,https://www.niche.com/colleges/university-of-georgia/admissions,54%,"24,165",1200-1370,610-690,590-680,68%,26-31,26-33,25-30,8-Jun,74%
67,Grinnell College,https://www.niche.com/colleges/grinnell-college/admissions,29%,"5,850",1310-1510,640-740,670-770,34%,30-34,30-35,28-33, ,66%
68,Brigham Young University,https://www.niche.com/colleges/brigham-young-university/admissions,52%,"12,858",1210-1410,610-710,600-700,28%,27-32,26-30,27-34, ,94%
69,Tulane University,https://www.niche.com/colleges/tulane-university/admissions,21%,"35,622",1330-1490,670-740,660-750,19%,30-33,31-35,27-32, ,81%
70,Colorado School of Mines,https://www.niche.com/colleges/colorado-school-of-mines/admissions,56%,"10,618",1310-1450,640-710,670-740,33%,28-32,27-33,28-33,9-Aug,88%
71,Vassar College,https://www.niche.com/colleges/vassar-college/admissions,24%,"7,746",1330-1500,670-750,660-750,60%,30-33,31-35,27-32,10-Aug,40%
72,Kenyon College,https://www.niche.com/colleges/kenyon-college/admissions,34%,"5,603",1260-1460,640-730,620-730,45%,29-33,29-35,26-31,10-Aug,68%
73,University of Washington,https://www.niche.com/colleges/university-of-washington/admissions,46%,"44,877",1190-1420,590-690,600-730,75%,27-32,25-33,27-33,9-Aug,40%
74,Lafayette College,https://www.niche.com/colleges/lafayette-college/admissions,31%,"8,469",1260-1440,630-710,630-730,57%,28-31,28-33,27-32,9-Aug,57%
75,Case Western Reserve University,https://www.niche.com/colleges/case-western-reserve-university/admissions,33%,"25,380",1340-1520,650-740,690-780,51%,30-33,30-35,29-34,9-Aug,69%
76,The Cooper Union for the Advancement of Science and Art,https://www.niche.com/colleges/the-cooper-union-for-the-advancement-of-science-and-art/admissions,13%,"2,574",1310-1530,650-740,660-790,70%,28-34,28-34,28-35, ,40%
77,Southern Methodist University,https://www.niche.com/colleges/southern-methodist-university/admissions,49%,"13,128",1270-1440,630-710,640-730,36%,28-32,28-34,27-31,9-Aug,72%
78,Rensselaer Polytechnic Institute,https://www.niche.com/colleges/rensselaer-polytechnic-institute/admissions,44%,"19,505",1320-1500,640-730,680-770,66%,28-32, , , ,34%
79,Purdue University,https://www.niche.com/colleges/purdue-university/admissions,57%,"49,354",1150-1380,570-670,580-710,69%,25-31,24-32,26-32, ,59%
80,University of Miami,https://www.niche.com/colleges/university-of-miami/admissions,36%,"30,638",1230-1420,620-700,610-720,38%,28-32,28-34,26-32,9-Aug,54%
81,Worcester Polytechnic Institute,https://www.niche.com/colleges/worcester-polytechnic-institute/admissions,48%,"10,331",1310-1480, , , ,27-32, , , , 
82,Bryn Mawr College,https://www.niche.com/colleges/bryn-mawr-college/admissions,38%,"2,936",1310-1500,650-730,660-770,56%,29-33,30-35,26-32,10-Aug,35%
83,Colorado College,https://www.niche.com/colleges/colorado-college/admissions,15%,"8,223",1220-1430,630-720,610-710,49%,28-32,28-34,26-31,9-Aug,47%
84,Macalester College,https://www.niche.com/colleges/macalester-college/admissions,41%,"5,900",1300-1480,660-740,640-740,45%,29-32,30-35,27-31,10-Aug,66%
85,University of California - Santa Barbara,https://www.niche.com/colleges/university-of-california---santa-barbara/admissions,33%,"81,824",1190-1400,600-680,590-720,75%,28-33,26-34,26-32, ,59%
86,College of the Holy Cross,https://www.niche.com/colleges/college-of-the-holy-cross/admissions,40%,"6,622",1230-1370, , , , , , , , 
87,University of Minnesota - Twin Cities,https://www.niche.com/colleges/university-of-minnesota---twin-cities/admissions,50%,"43,720",1270-1480,620-720,650-760,13%,26-31,25-32,26-31,9-Aug,92%
88,Penn State,https://www.niche.com/colleges/penn-state/admissions,50%,"56,114",1160-1340,580-660,580-680,65%,25-30,25-31,25-30,9-Aug,30%
89,Texas A&M University,https://www.niche.com/colleges/texas-a-and-m-university/admissions,71%,"36,669",1140-1360,570-670,570-690,55%,25-30,23-31,24-29,8-Jun,45%
90,The Ohio State University,https://www.niche.com/colleges/the-ohio-state-university/admissions,48%,"47,782",1260-1450,610-700,650-750,29%,27-31,27-33,27-32,9-Aug,86%
91,Stevens Institute of Technology,https://www.niche.com/colleges/stevens-institute-of-technology/admissions,44%,"8,335",1320-1470,640-710,680-760,55%,29-33,27-34,28-33, ,42%
92,Pitzer College,https://www.niche.com/colleges/pitzer-college/admissions,16%,"3,753",1300-1450,590-700,600-670, ,29-32, , , , 
93,Mount Holyoke College,https://www.niche.com/colleges/mount-holyoke-college/admissions,51%,"3,446",1270-1460,640-710,630-750,48%,29-33,29-35,27-34, ,34%
94,North Carolina State University,https://www.niche.com/colleges/north-carolina-state-university/admissions,51%,"26,980",1230-1390,610-680,620-710,41%,26-31,25-32,25-30,8-Jul,60%
95,Santa Clara University,https://www.niche.com/colleges/santa-clara-university/admissions,54%,"15,061",1270-1440,630-710,640-730,47%,28-32, , , ,65%
96,Reed College,https://www.niche.com/colleges/reed-college/admissions,36%,"5,652",1310-1500,670-740,640-760,61%,30-33,30-35,27-33, ,56%
97,Villanova University,https://www.niche.com/colleges/villanova-university/admissions,36%,"21,123",1250-1440,620-710,630-730,39%,30-33,30-35,28-33, ,61%
98,Rose-Hulman Institute of Technology,https://www.niche.com/colleges/rose-hulman-institute-of-technology/admissions,61%,"4,473",1260-1450,610-690,650-760,52%,27-32,25-33,28-34, ,71%
99,Whitman College,https://www.niche.com/colleges/whitman-college/admissions,52%,"4,081",1140-1380,570-690,570-690,48%,28-32, , ,9-Aug,51%
100,Scripps College,https://www.niche.com/colleges/scripps-college/admissions,33%,"2,841",1290-1460,660-730,630-730,51%,29-33,31-35,27-32,10-Aug,61%
101,Clemson University,https://www.niche.com/colleges/clemson-university/admissions,47%,"26,242",1220-1390,620-690,600-700,39%,27-31,28-34,26-30, ,61%
102,Michigan State University,https://www.niche.com/colleges/michigan-state-university/admissions,72%,"36,143",1100-1320,550-650,550-670,60%,23-28,22-29,23-28,9-Aug,57%
103,University of Tulsa,https://www.niche.com/colleges/university-of-tulsa/admissions,39%,"7,869",1150-1440,590-720,560-720,20%,25-32,25-34,24-30, ,80%
104,University of Maryland - College Park,https://www.niche.com/colleges/university-of-maryland---college-park/admissions,45%,"33,922",1280-1470,630-720,650-750,62%,29-33,29-35,28-33, ,38%
105,Babson College,https://www.niche.com/colleges/babson-college/admissions,24%,"7,122",1230-1410,610-680,620-730,63%,27-32,27-33,27-33, ,51%
106,Wheaton College - Illinois,https://www.niche.com/colleges/wheaton-college---illinois/admissions,85%,"1,693",1230-1410,630-720,600-690,47%,27-32,27-34,25-30,9-Aug,68%
107,Trinity University - Texas,https://www.niche.com/colleges/trinity-university---texas/admissions,38%,"7,663",1230-1410,620-710,610-700,45%,27-32,27-34,26-30, ,54%
108,University of Pittsburgh,https://www.niche.com/colleges/university-of-pittsburgh/admissions,60%,"27,679",1240-1420,620-700,620-720,78%,27-32,26-33,26-31,9-Aug,50%
109,University of California - Davis,https://www.niche.com/colleges/university-of-california---davis/admissions,43%,"70,952",1130-1360,560-660,570-700,81%,25-32,23-31,25-31, ,56%
110,Yeshiva University,https://www.niche.com/colleges/yeshiva-university/admissions,63%,"1,861",1160-1420,600-710,560-710,53%,23-29,23-31,22-29, ,44%
111,Gettysburg College,https://www.niche.com/colleges/gettysburg-college/admissions,46%,"6,384",1200-1370,600-690,610-670,78%,26-30, , , ,9%
112,Brandeis University,https://www.niche.com/colleges/brandeis-university/admissions,34%,"11,721",1280-1470,630-710,650-760,44%,29-33,29-34,28-34,9-Aug,44%
113,George Washington University,https://www.niche.com/colleges/george-washington-university/admissions,41%,"26,987",1280-1440,640-720,640-720,46%,29-32,29-34,27-31,10-Aug,42%
114,Skidmore College,https://www.niche.com/colleges/skidmore-college/admissions,25%,"10,053",1200-1400,610-700,600-700,42%,27-31,27-34,26-30,9-Aug,37%
115,St. Olaf College,https://www.niche.com/colleges/st-olaf-college/admissions,43%,"5,949",1150-1400,580-690,570-710,27%,25-31,25-34,25-30, ,80%
116,Michigan Technological University,https://www.niche.com/colleges/michigan-technological-university/admissions,74%,"5,469",1160-1340,570-660,590-680,69%,25-30,23-30,25-30, ,57%
117,University of California - Irvine,https://www.niche.com/colleges/university-of-california---irvine/admissions,37%,"85,092",1170-1350,580-650,590-700,86%,25-32,23-30,25-31, ,50%
118,Indiana University - Bloomington,https://www.niche.com/colleges/indiana-university---bloomington/admissions,76%,"41,939",1140-1350,570-670,570-680,67%,25-31,24-32,24-30,9-Aug,67%
119,Occidental College,https://www.niche.com/colleges/occidental-college/admissions,42%,"6,775",1280-1440,650-720,630-720,55%,27-32,29-34,26-31,9-Aug,56%
120,Florida State University,https://www.niche.com/colleges/florida-state-university/admissions,49%,"35,334",1190-1330,600-670,590-660,38%,26-30,25-30,24-28, ,63%
121,University of California - San Diego,https://www.niche.com/colleges/university-of-california---san-diego/admissions,34%,"88,446",1210-1410,600-680,610-730,84%,27-33,25-33,27-33, ,52%
122,University of Iowa,https://www.niche.com/colleges/university-of-iowa/admissions,86%,"27,734",1140-1370,570-680,570-690,9%,23-28,22-29,22-28, ,95%
123,Loyola Marymount University,https://www.niche.com/colleges/loyola-marymount-university/admissions,52%,"15,381",1180-1360,600-680,580-680,57%,26-31,27-33,25-29,9-Aug,56%
124,California Polytechnic State University - San Luis Obispo,https://www.niche.com/colleges/california-polytechnic-state-university---san-luis-obispo/admissions,35%,"48,588",1200-1380,600-680,600-700,70%,26-31,25-33,26-32, ,68%
125,Union College - New York,https://www.niche.com/colleges/union-college---new-york/admissions,37%,"6,676",1220-1400, , ,45%, , , , ,22%
126,University of Delaware,https://www.niche.com/colleges/university-of-delaware/admissions,63%,"27,803",1130-1330,570-660,560-670,70%,25-29,24-31,24-29,9-Aug,35%
127,Iowa State University,https://www.niche.com/colleges/iowa-state-university/admissions,89%,"19,262",1160-1410,600-700,560-710,9%,22-28,22-28,21-28, ,90%
128,Lawrence University,https://www.niche.com/colleges/lawrence-university/admissions,61%,"3,612",1220-1460,620-730,600-730,28%,25-32,26-34,25-30, ,57%
129,American University,https://www.niche.com/colleges/american-university/admissions,29%,"18,699",1180-1350,610-690,570-660,49%,26-30,26-33,24-28,10-Aug,39%
130,Texas Christian University,https://www.niche.com/colleges/texas-christian-university/admissions,41%,"19,740",1130-1330,570-660,560-670,32%,25-30,26-33,25-29, ,68%
131,Syracuse University,https://www.niche.com/colleges/syracuse-university/admissions,47%,"33,099",1160-1350,580-670,580-680,66%,25-30,25-31,24-29,9-Aug,45%
132,Rutgers University - New Brunswick,https://www.niche.com/colleges/rutgers-university---new-brunswick/admissions,58%,"38,384",1190-1400,590-680,600-720,81%, , , , ,0%
133,Franklin & Marshall College,https://www.niche.com/colleges/franklin--and--marshall-college/admissions,34%,"6,720",1200-1420,570-680,630-740, ,28-31, , , , 
134,University of Massachusetts - Amherst,https://www.niche.com/colleges/university-of-massachusetts---amherst/admissions,58%,"42,043",1180-1360,590-670,590-690,85%,26-31, , , ,27%
135,Wabash College,https://www.niche.com/colleges/wabash-college/admissions,63%,"1,304",1070-1280,530-630,540-650,77%,23-28,21-28,23-28,8-Jul,60%
136,Denison University,https://www.niche.com/colleges/denison-university/admissions,37%,"7,540",1200-1380,600-690,600-690,35%,28-31,28-34,26-30, ,41%
137,Gustavus Adolphus College,https://www.niche.com/colleges/gustavus-adolphus-college/admissions,68%,"4,834",1080-1340,570-700,570-670,6%,26-30,24-30,25-29, ,70%
138,Bentley University,https://www.niche.com/colleges/bentley-university/admissions,44%,"8,867",1210-1380,590-670,620-710,66%,27-31,26-32,27-31, ,39%
139,Auburn University,https://www.niche.com/colleges/auburn-university/admissions,84%,"18,072",1130-1310,570-650,560-660,12%,24-30,24-32,23-28,8-Jul,87%
140,Oberlin College,https://www.niche.com/colleges/oberlin-college/admissions,34%,"7,762",1280-1450,650-720,630-730,54%,28-33,29-34,26-32, ,56%
141,James Madison University,https://www.niche.com/colleges/james-madison-university/admissions,75%,"21,100",1100-1260,560-640,540-620,87%,23-28, , , ,35%
142,Pepperdine University,https://www.niche.com/colleges/pepperdine-university/admissions,40%,"11,704",1200-1390,600-690,600-700,60%,26-31,26-34,25-30,9-Aug,57%
143,Sewanee - The University of the South,https://www.niche.com/colleges/sewanee---the-university-of-the-south/admissions,47%,"4,218",1140-1320,590-690,580-660,50%,26-30,26-33,25-29,8-Jul,51%
144,Saint Louis University,https://www.niche.com/colleges/saint-louis-university/admissions,64%,"13,431",1170-1390,590-690,580-700,13%,25-31,25-33,24-29, ,90%
145,University of Portland,https://www.niche.com/colleges/university-of-portland/admissions,70%,"11,137",1140-1320,580-660,560-660,70%,23-29,23-28,23-30, ,54%
146,University of Oklahoma,https://www.niche.com/colleges/university-of-oklahoma/admissions,74%,"15,579",1150-1380,580-690,570-690,28%,23-29,23-30,22-28, ,88%
147,University of Denver,https://www.niche.com/colleges/university-of-denver/admissions,58%,"19,904",1160-1350,590-680,570-670,33%,25-30,24-31,24-28,9-Aug,76%
148,University of San Diego,https://www.niche.com/colleges/university-of-san-diego/admissions,50%,"14,739",1180-1350,590-670,590-680,49%,26-30,25-33,25-29,9-Aug,65%
149,Oklahoma State University,https://www.niche.com/colleges/oklahoma-state-university/admissions,74%,"13,635",1070-1260,540-630,530-630,21%,22-28,21-27,20-27, ,91%
150,Washington State University,https://www.niche.com/colleges/washington-state-university/admissions,73%,"22,565",1020-1220,510-610,510-610,78%,20-26,19-25,19-26,8-Jul,29%
151,University of Alabama - Birmingham,https://www.niche.com/colleges/university-of-alabama---birmingham/admissions,92%,"7,555",990-1370,440-630,550-740,1%,21-28,22-31,21-26, ,94%
152,University of South Florida,https://www.niche.com/colleges/university-of-south-florida/admissions,45%,"31,944",1150-1310,580-650,570-660,59%,24-29,23-30,23-27,8-Jul,41%
153,University of Dayton,https://www.niche.com/colleges/university-of-dayton/admissions,72%,"15,942",1100-1310,550-650,550-660,28%,24-29,23-30,24-28, ,85%
154,Furman University,https://www.niche.com/colleges/furman-university/admissions,61%,"5,002",1190-1380,600-690,590-690,41%,26-31,26-34,25-29, ,53%
155,Miami University,https://www.niche.com/colleges/miami-university/admissions,68%,"30,255",1190-1380,580-670,610-710,23%,26-31,25-32,25-30, ,85%
156,The University of Alabama,https://www.niche.com/colleges/the-university-of-alabama/admissions,53%,"38,129",1050-1280,530-640,520-640,19%,23-32,23-33,21-29,8-Jul,81%
157,Baylor University,https://www.niche.com/colleges/baylor-university/admissions,39%,"37,083",1190-1360,600-680,590-680,36%,26-31,25-32,25-29,8-Jul,64%
158,University of Kansas,https://www.niche.com/colleges/university-of-kansas/admissions,93%,"14,538", , , ,0%,23-28,22-29,22-28, ,97%
159,Rhode Island School of Design,https://www.niche.com/colleges/rhode-island-school-of-design/admissions,32%,"3,420",1130-1370,570-660,560-710,68%,25-31,24-32,24-30, ,37%
160,Arizona State University,https://www.niche.com/colleges/arizona-state-university/admissions,84%,"24,127",1120-1350,560-670,560-680,54%,22-29,22-29,23-28, ,61%
161,Kansas State University,https://www.niche.com/colleges/kansas-state-university/admissions,94%,"8,517", , , , , , , , , 
162,Mississippi State University,https://www.niche.com/colleges/mississippi-state-university/admissions,62%,"13,973",960-1260,480-620,480-640,0%,21-28,21-30,20-27, ,87%
163,University of Utah,https://www.niche.com/colleges/university-of-utah/admissions,66%,"22,400",1110-1350,560-670,550-680,18%,22-29,21-29,21-28,9-Jul,86%
164,University of Colorado - Boulder,https://www.niche.com/colleges/university-of-colorado---boulder/admissions,80%,"36,148",1150-1340,580-660,570-680,29%,25-30,24-31,24-29, ,81%
165,SUNY College of Environmental Science & Forestry,https://www.niche.com/colleges/suny-college-of-environmental-science--and--forestry/admissions,52%,"1,818",1150-1300,580-650,570-650,77%,24-28,22-28,23-27, ,50%
166,Temple University,https://www.niche.com/colleges/temple-university/admissions,57%,"35,880",1010-1230,500-610,510-620,90%,22-28,21-29,21-28,8-Jul,20%
167,University of Missouri,https://www.niche.com/colleges/university-of-missouri/admissions,78%,"16,367",1120-1350,570-680,550-670,7%,23-29,23-30,22-27, ,96%
168,Missouri University of Science & Technology,https://www.niche.com/colleges/missouri-university-of-science--and--technology/admissions,84%,"3,876",1100-1340,520-640,580-700,2%,25-31,24-31,26-30,8-Jul,97%
169,"Binghamton University, SUNY",https://www.niche.com/colleges/binghamton-university-suny/admissions,40%,"33,467",1290-1430,640-710,650-720,97%,28-31, , , ,50%
170,University of Arkansas,https://www.niche.com/colleges/university-of-arkansas/admissions,66%,"21,715",1110-1280,560-640,550-640,24%,23-29,23-30,22-28, ,93%
171,The College of New Jersey,https://www.niche.com/colleges/the-college-of-new-jersey/admissions,48%,"12,898",1170-1330,590-660,580-670,83%,25-30, ,25-29, ,0%
172,University of South Carolina,https://www.niche.com/colleges/university-of-south-carolina/admissions,72%,"26,015",1170-1330,590-660,580-670,47%,25-30,24-31,24-28, ,53%
173,Luther College,https://www.niche.com/colleges/luther-college/admissions,65%,"4,288",1020-1300,500-640,520-660,11%,23-28,22-29,22-28, ,87%
174,University of Nebraska - Lincoln,https://www.niche.com/colleges/university-of-nebraska---lincoln/admissions,64%,"14,947",1100-1380,550-680,550-700,7%,22-29,21-29,21-28, ,93%
175,United States Merchant Marine Academy,https://www.niche.com/colleges/united-states-merchant-marine-academy/admissions,22%,"1,855",1210-1280,580-620,630-660,66%,26-28,25-28,26-28, ,75%
176,Trinity College - Connecticut,https://www.niche.com/colleges/trinity-college---connecticut/admissions,34%,"6,085",1260-1420,620-710,640-710,26%,28-32,28-33,27-31, ,31%
177,University of St. Thomas - Minnesota,https://www.niche.com/colleges/university-of-st-thomas---minnesota/admissions,84%,"6,439",1090-1330,540-650,550-680,5%,24-29,23-29,24-28, ,97%
178,"University at Buffalo, SUNY",https://www.niche.com/colleges/university-at-buffalo-suny/admissions,57%,"27,798",1080-1260,520-610,560-650,66%,24-28,22-27,24-28, ,34%
179,Drake University,https://www.niche.com/colleges/drake-university/admissions,69%,"5,574",1100-1350,540-660,560-690,8%,24-30,24-29,24-32, ,84%
180,University of Connecticut,https://www.niche.com/colleges/university-of-connecticut/admissions,48%,"34,198",1210-1390,600-680,610-710,82%,26-31,25-33,26-32, ,33%
181,Loyola University Maryland,https://www.niche.com/colleges/loyola-university-maryland/admissions,75%,"11,600",1100-1267,540-630,540-630,62%,24-29,24-30,23-27, ,22%
182,Illinois Wesleyan University,https://www.niche.com/colleges/illinois-wesleyan-university/admissions,61%,"3,697",1200-1400,590-690,600-700,10%,24-29,23-30,24-28, ,91%
183,Chapman University,https://www.niche.com/colleges/chapman-university/admissions,57%,"13,170",1190-1360,600-680,590-680,57%,25-30,25-32,24-29,9-Aug,63%
184,Dickinson College,https://www.niche.com/colleges/dickinson-college/admissions,49%,"5,941",1190-1365,590-690,600-690,55%,27-30, , , ,27%
185,Ohio Northern University,https://www.niche.com/colleges/ohio-northern-university/admissions,66%,"4,159",1130-1310,550-630,580-680,3%,22-28,21-27,23-28, ,91%
186,Lewis & Clark College,https://www.niche.com/colleges/lewis--and--clark-college/admissions,71%,"6,305",1210-1390,620-710,590-680,46%,27-31,28-34,25-30, ,48%
187,University of Cincinnati,https://www.niche.com/colleges/university-of-cincinnati/admissions,76%,"21,593",1120-1340,560-660,560-680,19%,23-28,22-29,23-28,8-Jul,91%
188,Virginia Military Institute,https://www.niche.com/colleges/virginia-military-institute/admissions,53%,"1,718",1100-1280,560-640,540-640,71%,23-28,22-28,23-27, ,39%
189,Florida Institute of Technology,https://www.niche.com/colleges/florida-institute-of-technology/admissions,63%,"8,898",1130-1320,550-640,580-680,55%,24-29,24-29,23-30, ,36%
190,University of Central Florida,https://www.niche.com/colleges/university-of-central-florida/admissions,50%,"37,693",1150-1320,580-660,570-660,60%,24-29,23-30,22-27, ,40%
191,Texas Tech University,https://www.niche.com/colleges/texas-tech-university/admissions,69%,"25,207",1070-1240,540-620,530-620,52%,22-27,21-26,21-26,8-Jun,47%
192,Illinois Institute of Technology,https://www.niche.com/colleges/illinois-institute-of-technology/admissions,54%,"4,705",1230-1410,580-680,650-730,33%,25-31,24-32,27-32, ,77%
193,Colorado State University,https://www.niche.com/colleges/colorado-state-university/admissions,83%,"23,137",1100-1300,560-650,540-650,23%,22-28,22-28,21-27, ,86%
194,New Mexico Tech,https://www.niche.com/colleges/new-mexico-tech/admissions,22%,"1,513",1190-1390,590-690,600-700,26%,23-29,22-29,24-28, ,91%
195,Milwaukee School of Engineering,https://www.niche.com/colleges/milwaukee-school-of-engineering/admissions,63%,"2,893",1150-1360,550-650,600-710,10%,25-30,24-30,26-30, ,94%
196,Calvin College,https://www.niche.com/colleges/calvin-college/admissions,83%,"3,221",1100-1330,560-660,540-670,64%,23-30,22-31,23-29, ,65%
197,Rochester Institute of Technology,https://www.niche.com/colleges/rochester-institute-of-technology/admissions,57%,"20,451",1190-1380,590-680,600-700,62%,26-32,24-31,26-31, ,38%
198,University of Oregon,https://www.niche.com/colleges/university-of-oregon/admissions,83%,"20,317",1080-1270,550-640,530-630,63%,22-28,22-29,21-27,8-Jul,51%
199,College of Wooster,https://www.niche.com/colleges/college-of-wooster/admissions,56%,"5,615",1150-1380,570-680,580-700,45%,24-30,23-32,23-28,9-Aug,63%
200,University of Wyoming,https://www.niche.com/colleges/university-of-wyoming/admissions,97%,"4,306",1040-1290,520-650,520-640,14%,22-27,21-27,21-27, ,91%
201,Drexel University,https://www.niche.com/colleges/drexel-university/admissions,79%,"28,454",1160-1360,580-670,580-690,82%,24-30,23-31,24-29, ,33%
202,Augustana University,https://www.niche.com/colleges/augustana-university/admissions,68%,"1,975",1070-1290,530-630,540-660,6%,23-29,22-30,23-28, ,94%
203,The University of Alabama in Huntsville,https://www.niche.com/colleges/the-university-of-alabama-in-huntsville/admissions,81%,"4,454",1080-1330,550-660,530-670,2%,25-31,25-33,24-29, ,96%
204,DePauw University,https://www.niche.com/colleges/depauw-university/admissions,58%,"5,173",1180-1360,560-650,550-680,56%,24-29,23-28,23-30, ,68%
205,University of Scranton,https://www.niche.com/colleges/university-of-scranton/admissions,75%,"10,002",1080-1280,550-640,530-640,65%,23-28, , , ,37%
206,St. Louis College of Pharmacy,https://www.niche.com/colleges/st-louis-college-of-pharmacy/admissions,72%,361,1120-1300,550-620,580-680,10%,24-28,24-30,25-28, ,98%
207,Baptist Health System School of Health Professions,https://www.niche.com/colleges/baptist-health-system-school-of-health-professions/admissions,, , , , , , , , , , 
208,University of Mississippi,https://www.niche.com/colleges/university-of-mississippi/admissions,84%,"17,416",1070-1290,550-640,520-650,21%,22-29,22-30,21-27, ,89%
209,University of Arizona,https://www.niche.com/colleges/university-of-arizona/admissions,84%,"33,608",983-1230,480-600,490-620,66%,21-27, , , ,52%
210,Point Loma Nazarene University,https://www.niche.com/colleges/point-loma-nazarene-university/admissions,76%,"3,007",1100-1290,560-650,540-640,68%,23-28,23-29,22-27,8-Jul,57%
211,Creighton University,https://www.niche.com/colleges/creighton-university/admissions,72%,"9,727",1070-1290,520-640,550-650,23%,25-30,24-31,24-28,9-Aug,88%
212,Fordham University,https://www.niche.com/colleges/fordham-university/admissions,46%,"45,147",1230-1410,620-700,610-710,63%,27-31,27-34,26-30,9-Aug,49%
213,DePaul University,https://www.niche.com/colleges/depaul-university/admissions,72%,"21,613",1050-1260,520-640,500-627,20%,22-27,22-29,21-27, ,86%
214,Clark University,https://www.niche.com/colleges/clark-university/admissions,57%,"8,355", , , , , , , , , 
215,Rollins College,https://www.niche.com/colleges/rollins-college/admissions,64%,"5,297",1100-1290,550-640,540-640,68%,24-29,24-31,24-28,8-Jul,53%
216,Clarkson University,https://www.niche.com/colleges/clarkson-university/admissions,66%,"7,000",1140-1330,560-650,580-680,86%,24-29,22-28,25-29, ,38%
217,Southwestern University,https://www.niche.com/colleges/southwestern-university/admissions,43%,"4,133",1110-1320,570-670,540-650,77%,23-29,22-30,22-27, ,56%
218,Marquette University,https://www.niche.com/colleges/marquette-university/admissions,89%,"12,957",1130-1310,570-660,560-650,17%,24-29,24-30,24-28,9-Aug,89%
219,University of Texas - Dallas,https://www.niche.com/colleges/university-of-texas---dallas/admissions,76%,"11,791",1220-1430,600-700,620-730,73%,26-32,25-34,26-32,8-Jul,45%
220,Ouachita Baptist University,https://www.niche.com/colleges/ouachita-baptist-university/admissions,71%,"1,786",1020-1260,540-640,480-620,18%,21-28,21-30,20-27, ,91%
221,University of Evansville,https://www.niche.com/colleges/university-of-evansville/admissions,70%,"3,825",1020-1260,520-610,500-640,64%,22-29,22-30,22-28,8-Jul,65%
222,Gonzaga University,https://www.niche.com/colleges/gonzaga-university/admissions,65%,"7,613",1180-1350,590-670,590-680,67%,26-30,25-32,25-29, ,57%
223,Fairfield University,https://www.niche.com/colleges/fairfield-university/admissions,61%,"11,218", , , , ,25-29, , , , 
224,Providence College,https://www.niche.com/colleges/providence-college/admissions,52%,"11,251",1160-1330,580-660,580-670,46%,26-30,25-32,24-29, ,24%
225,Liberty University,https://www.niche.com/colleges/liberty-university/admissions,30%,"32,854",1040-1240,530-640,510-600,48%,21-27,21-29,19-26, ,35%
226,Butler University,https://www.niche.com/colleges/butler-university/admissions,65%,"14,635",1150-1320,580-660,570-660,55%,25-30,24-31,24-29,9-Aug,77%
227,Rutgers University - Newark,https://www.niche.com/colleges/rutgers-university---newark/admissions,64%,"13,435",1010-1170,500-580,510-590,93%, , , , ,0%
228,St. Lawrence University,https://www.niche.com/colleges/st-lawrence-university/admissions,48%,"5,866",1200-1360,600-680,600-680,40%,26-30, , , ,23%
229,Rhodes College,https://www.niche.com/colleges/rhodes-college/admissions,51%,"4,733",1220-1410,620-720,600-690,30%,27-32,27-34,25-30,8-Jul,79%
230,University of Vermont,https://www.niche.com/colleges/university-of-vermont/admissions,67%,"21,991",1180-1350,600-680,580-670,76%,25-30,25-32,25-29,9-Aug,39%
231,Keiser University - Fort Lauderdale,https://www.niche.com/colleges/keiser-university---fort-lauderdale/admissions,100%,"7,022", , , , , , , , , 
232,Louisiana State University,https://www.niche.com/colleges/louisiana-state-university/admissions,74%,"17,907",1060-1290,530-640,530-650,8%,23-28,23-31,22-27, ,92%
233,Allegheny College,https://www.niche.com/colleges/allegheny-college/admissions,68%,"5,114",1140-1320,580-670,560-650,50%,23-29,22-30,23-27, ,34%
234,Hendrix College,https://www.niche.com/colleges/hendrix-college/admissions,80%,"1,465",1100-1410,560-710,540-700,22%,24-31,25-34,24-29, ,91%
235,Union University,https://www.niche.com/colleges/union-university/admissions,60%,"2,634",1070-1320,560-670,510-650,13%,23-29,23-32,21-27, ,93%
236,Hobart and William Smith Colleges,https://www.niche.com/colleges/hobart-and-william-smith-colleges/admissions,64%,"4,407",1150-1330,580-670,570-660,39%,25-30,24-31,24-28, ,30%
237,Augustana College - Illinois,https://www.niche.com/colleges/augustana-college---illinois/admissions,59%,"6,750", , , , , , , , , 
238,Manhattan College,https://www.niche.com/colleges/manhattan-college/admissions,75%,"7,622",1050-1240,530-620,520-620,73%,23-28,23-30,22-28, ,27%
239,University of Houston,https://www.niche.com/colleges/university-of-houston/admissions,61%,"20,768",1110-1280,560-640,550-640,84%,23-27,21-27,22-27, ,42%
240,Oregon State University,https://www.niche.com/colleges/oregon-state-university/admissions,79%,"14,888",1070-1300,540-650,530-650,68%,22-28,21-28,21-28,8-Jul,47%
241,Connecticut College,https://www.niche.com/colleges/connecticut-college/admissions,38%,"5,434",1270-1460,630-740,640-720, ,30-33, , , , 
242,Ohio University,https://www.niche.com/colleges/ohio-university/admissions,74%,"26,263",1080-1260,550-640,530-620,17%,22-26,21-26,20-26,8-Jul,93%
243,Hope College,https://www.niche.com/colleges/hope-college/admissions,74%,"4,377",1090-1320,550-660,540-660,56%,24-29,23-30,23-28, ,67%
244,John Carroll University,https://www.niche.com/colleges/john-carroll-university/admissions,85%,"3,840",1000-1140,510-570,490-570,35%,22-27,21-28,21-27,8-Jul,83%
245,Appalachian State University,https://www.niche.com/colleges/appalachian-state-university/admissions,70%,"14,009",1100-1270,560-640,540-630,60%,23-27,23-28,23-27,8-Jun,49%
246,University of Tennessee,https://www.niche.com/colleges/university-of-tennessee/admissions,77%,"18,872",1140-1310,580-660,560-650,17%,24-30,24-32,24-28, ,99%
247,Concordia College,https://www.niche.com/colleges/concordia-college/admissions,62%,"4,539",1060-1300,500-660,550-650,6%,22-28,21-28,22-27,8-Jun,95%
248,California State University - Long Beach,https://www.niche.com/colleges/california-state-university---long-beach/admissions,28%,"63,048",1020-1230,510-610,510-620,93%,20-26,19-26,19-27, ,31%
249,Agnes Scott College,https://www.niche.com/colleges/agnes-scott-college/admissions,66%,"1,534", , , , , , , , , 
250,Wofford College,https://www.niche.com/colleges/wofford-college/admissions,69%,"3,101",1120-1310,570-660,550-650,41%,29-30,23-30,23-28,8-Jul,59%
251,South Dakota School of Mines & Technology,https://www.niche.com/colleges/south-dakota-school-of-mines--and--technology/admissions,83%,"1,445",1150-1350,560-660,590-690,15%,24-29,22-29,25-29, ,91%
252,Taylor University,https://www.niche.com/colleges/taylor-university/admissions,87%,"1,673",1040-1290,530-650,520-640,60%,22-29,22-31,22-28,9-Aug,70%
253,Samford University,https://www.niche.com/colleges/samford-university/admissions,83%,"3,808",1080-1280,550-650,530-630,33%,23-29,24-31,22-27, ,86%
254,Spelman College,https://www.niche.com/colleges/spelman-college/admissions,40%,"8,344",1070-1220,550-620,520-590,64%,22-26,21-27,19-25, ,61%
255,"Stony Brook University, SUNY",https://www.niche.com/colleges/stony-brook-university-suny/admissions,42%,"35,313",1210-1410,590-680,620-730,77%,26-31,24-32,26-32,9-Jul,38%
256,Nebraska Wesleyan University,https://www.niche.com/colleges/nebraska-wesleyan-university/admissions,71%,"1,910",1040-1300,530-670,510-630,5%,22-28,20-27,21-27, ,99%
257,Millsaps College,https://www.niche.com/colleges/millsaps-college/admissions,49%,"4,276",1110-1320,560-660,550-660,20%,22-28,23-30,20-26, ,86%
258,San Diego State University,https://www.niche.com/colleges/san-diego-state-university/admissions,35%,"60,910",1090-1290,550-640,540-650,79%,23-28,22-28,22-28, ,52%
259,University of San Francisco,https://www.niche.com/colleges/university-of-san-francisco/admissions,66%,"16,313",1100-1290,560-640,540-650,71%,22-28,22-29,22-27,9-Aug,48%
260,Loyola University Chicago,https://www.niche.com/colleges/loyola-university-chicago/admissions,71%,"23,571",1120-1310,570-660,550-650,23%,24-29,24-31,23-28,9-Aug,86%
261,University of Southern Mississippi,https://www.niche.com/colleges/university-of-southern-mississippi/admissions,98%,"6,372",940-1190,430-540,510-650,0%,19-26,19-27,17-24, ,99%
262,Biola University,https://www.niche.com/colleges/biola-university/admissions,72%,"3,926",1060-1300,540-660,520-640,75%,21-28,22-29,20-27, ,43%
263,Cedarville University,https://www.niche.com/colleges/cedarville-university/admissions,71%,"4,039",1130-1350,580-680,550-670,50%,23-29,24-31,23-28, ,77%
264,University of Wisconsin - La Crosse,https://www.niche.com/colleges/university-of-wisconsin---la-crosse/admissions,73%,"6,723", , , ,0%,22-26,21-26,22-27,8-Jul,99%
265,LeTourneau University,https://www.niche.com/colleges/letourneau-university/admissions,47%,"1,780",1060-1310,530-650,530-660,60%,21-28,20-28,22-27, ,52%
266,University of the Pacific,https://www.niche.com/colleges/university-of-the-pacific/admissions,65%,"13,064",1070-1330,540-650,530-680,78%,22-30,21-31,22-30, ,45%
267,Bradley University,https://www.niche.com/colleges/bradley-university/admissions,71%,"10,232",1080-1290,550-640,530-650,11%,22-28,22-28,22-27,8-Jul,94%
268,Embry-Riddle Aeronautical University - Daytona Beach,https://www.niche.com/colleges/embry-riddle-aeronautical-university---daytona-beach/admissions,75%,"4,564",1080-1310,540-650,540-660,68%,22-28,21-29,22-28, ,51%
269,CUNY Baruch College,https://www.niche.com/colleges/cuny-baruch-college/admissions,29%,"21,432",1190-1350,580-660,610-690,71%, , , , ,0%
270,DigiPen Institute of Technology,https://www.niche.com/colleges/digipen-institute-of-technology/admissions,54%,750,1150-1360,580-680,570-680,67%,25-30,24-31,24-29, ,37%
271,West Virginia University,https://www.niche.com/colleges/west-virginia-university/admissions,72%,"20,594",1020-1210,510-610,510-600,31%,21-27,21-27,19-26, ,64%
272,Florida International University,https://www.niche.com/colleges/florida-international-university/admissions,54%,"19,757",1080-1240,550-630,530-610,81%,22-27,21-27,21-25,8-Jul,33%
273,University of Kentucky,https://www.niche.com/colleges/university-of-kentucky/admissions,96%,"18,925",1080-1330,550-660,530-670,17%,22-28,22-30,21-28,8-Jul,92%
274,Coe College,https://www.niche.com/colleges/coe-college/admissions,56%,"7,002",1070-1330,530-650,540-680,10%,22-28,21-28,21-27, ,90%
275,Duquesne University,https://www.niche.com/colleges/duquesne-university/admissions,72%,"7,336",1120-1270,570-640,550-630,55%,24-29,24-30,23-27, ,29%
276,Bob Jones University,https://www.niche.com/colleges/bob-jones-university/admissions,86%,"1,062",960-1180,480-620,480-570,18%,20-27,21-29,18-25,8-Jun,92%
277,Albany College of Pharmacy & Health Sciences,https://www.niche.com/colleges/albany-college-of-pharmacy--and--health-sciences/admissions,79%,"1,366",1110-1270,550-630,560-640,92%,23-28, , , ,33%
278,George Mason University,https://www.niche.com/colleges/george-mason-university/admissions,81%,"18,993",1100-1290,560-650,540-640,70%,24-30,24-31,23-28, ,13%
279,Rockhurst University,https://www.niche.com/colleges/rockhurst-university/admissions,72%,"3,115",1050-1230,510-590,540-640,4%,22-27,21-29,20-27, ,98%
280,University of California - Santa Cruz,https://www.niche.com/colleges/university-of-california---santa-cruz/admissions,51%,"52,969",1160-1340,580-660,580-680,80%,26-31,24-31,25-30, ,51%
281,St. Norbert College,https://www.niche.com/colleges/st-norbert-college/admissions,79%,"3,860",1110-1230,570-630,540-600,2%,22-27,21-27,21-26,8-Jul,96%
282,St. John Fisher College,https://www.niche.com/colleges/st-john-fisher-college/admissions,65%,"4,432",1060-1230,530-610,530-620,91%,22-26,20-25,21-26, ,45%
283,Austin College,https://www.niche.com/colleges/austin-college/admissions,52%,"3,545",1160-1360,590-680,570-680,39%,23-29, , , ,36%
284,Muhlenberg College,https://www.niche.com/colleges/muhlenberg-college/admissions,48%,"4,636",1140-1340,580-680,560-660,51%,25-30,25-32,24-28, ,39%
285,University of Illinois at Chicago,https://www.niche.com/colleges/university-of-illinois-at-chicago/admissions,77%,"18,768",1080-1330,530-650,550-680,8%,20-26,20-26,20-26, ,93%
286,Whitworth University,https://www.niche.com/colleges/whitworth-university/admissions,89%,"3,166",1090-1310,550-660,540-650,71%,23-29,22-30,23-29, ,36%
287,Harding University,https://www.niche.com/colleges/harding-university/admissions,72%,"2,023",1050-1280,530-650,520-630,28%,22-28,22-31,21-27, ,90%
288,Elon University,https://www.niche.com/colleges/elon-university/admissions,67%,"9,623",1140-1330,580-670,560-660,60%,25-29,25-31,24-28, ,58%
289,Saint Joseph's University,https://www.niche.com/colleges/saint-josephs-university/admissions,77%,"8,972",1110-1290,560-640,550-650,66%,23-28,22-27,23-30, ,28%
290,Marist College,https://www.niche.com/colleges/marist-college/admissions,43%,"11,376", , , , ,26-30, , , , 
291,Juniata College,https://www.niche.com/colleges/juniata-college/admissions,71%,"2,289", , ,540-650, ,23-30,23-30,22-28, , 
292,University of Colorado - Denver,https://www.niche.com/colleges/university-of-colorado---denver/admissions,65%,"11,373",1060-1280,540-640,520-640,12%,21-27,20-26,19-26, ,91%
293,Berea College,https://www.niche.com/colleges/berea-college/admissions,35%,"1,710",970-1200,480-590,490-610,10%,22-27,21-27,20-25, ,88%
294,Embry-Riddle Aeronautical University - Prescott,https://www.niche.com/colleges/embry-riddle-aeronautical-university---prescott/admissions,77%,"2,168",1130-1350,560-670,570-680,58%,23-29,22-29,24-28, ,58%
295,University of Louisville,https://www.niche.com/colleges/university-of-louisville/admissions,75%,"10,987",1070-1290,540-640,530-650,14%,22-28,22-30,21-28,8-Jul,100%
296,University of Idaho,https://www.niche.com/colleges/university-of-idaho/admissions,73%,"7,087",1010-1230,510-620,500-610,98%,20-26,19-26,19-26,8-Jun,41%
297,Seattle Pacific University,https://www.niche.com/colleges/seattle-pacific-university/admissions,91%,"3,692",1060-1280,540-650,520-630,78%,21-27,20-26,21-29, ,39%
298,Andrews University,https://www.niche.com/colleges/andrews-university/admissions,58%,"1,554",1040-1320,510-660,530-660,40%,21-29,21-30,19-28,8-Jun,75%
299,University of New Hampshire,https://www.niche.com/colleges/university-of-new-hampshire/admissions,77%,"19,966",1070-1260,540-630,530-630,91%,23-28,22-28,22-27, ,20%
300,College of the Ozarks,https://www.niche.com/colleges/college-of-the-ozarks/admissions,13%,"3,250",1090-1240,560-620,530-620,4%,21-26,21-27,20-25, ,98%
301,Seton Hall University,https://www.niche.com/colleges/seton-hall-university/admissions,73%,"16,719",1140-1280,570-640,570-640,79%,24-28,23-29,23-27, ,32%
302,University of Puget Sound,https://www.niche.com/colleges/university-of-puget-sound/admissions,84%,"5,958",1110-1330,560-680,550-650,71%,25-30,25-31,24-29, ,50%
303,Kettering University,https://www.niche.com/colleges/kettering-university/admissions,70%,"1,931",1190-1350,580-660,610-690,75%,24-29,23-29,26-30, ,59%
304,Mercer University,https://www.niche.com/colleges/mercer-university/admissions,73%,"4,749",1170-1340,590-670,580-670,46%,25-30,24-28,24-31, ,53%
305,Pacific Lutheran University,https://www.niche.com/colleges/pacific-lutheran-university/admissions,75%,"3,629",1040-1270,520-640,520-630,84%,21-27,21-27,21-27, ,29%
306,Kalamazoo College,https://www.niche.com/colleges/kalamazoo-college/admissions,73%,"3,434",1180-1380,600-690,580-690,39%,26-30,25-33,25-30,11-Oct,42%
307,Christopher Newport University,https://www.niche.com/colleges/christopher-newport-university/admissions,72%,"6,948",1060-1250,530-630,530-620,72%,23-28, , , ,35%
308,Truman State University,https://www.niche.com/colleges/truman-state-university/admissions,67%,"5,263",1180-1420,600-700,580-720,5%,24-30,24-32,24-28, ,95%
309,Loyola University New Orleans,https://www.niche.com/colleges/loyola-university-new-orleans/admissions,69%,"5,112",1080-1270,560-650,520-620,30%,22-28,23-31,20-26, ,70%
310,Louisiana Tech University,https://www.niche.com/colleges/louisiana-tech-university/admissions,65%,"6,952",870-1100,440-540,430-560,3%,22-27,22-29,20-26, ,98%
311,Seattle University,https://www.niche.com/colleges/seattle-university/admissions,74%,"8,576",1130-1330,570-670,560-660,50%,24-29,23-31,24-28,10-Aug,49%
312,College of Saint Benedict,https://www.niche.com/colleges/college-of-saint-benedict/admissions,81%,"2,003",1010-1220,530-630,480-590,7%,22-28,21-29,22-27,8-Jul,95%
313,Willamette University,https://www.niche.com/colleges/willamette-university/admissions,89%,"4,484",1100-1330,550-670,550-660,70%,25-30,24-32,24-29,10-Aug,54%
314,University of Dallas,https://www.niche.com/colleges/university-of-dallas/admissions,47%,"3,857",1140-1370,590-700,550-670,65%,24-31,24-33,23-28,9-Jul,57%
315,Catholic University of America,https://www.niche.com/colleges/catholic-university-of-america/admissions,83%,"6,073",1020-1230,510-620,510-610,85%,22-28, , , ,30%
316,Nova Southeastern University,https://www.niche.com/colleges/nova-southeastern-university/admissions,58%,"7,779",1080-1280,550-640,530-640,69%,23-28,22-30,22-28, ,49%
317,Valparaiso University,https://www.niche.com/colleges/valparaiso-university/admissions,84%,"7,954",1060-1270,530-630,530-640,46%,23-29,22-30,23-28, ,70%
318,University of Missouri - Kansas City,https://www.niche.com/colleges/university-of-missouri---kansas-city/admissions,64%,"5,065",1100-1420,570-700,540-720,3%,21-28,20-29,20-27, ,95%
319,The New School,https://www.niche.com/colleges/the-new-school/admissions,60%,"9,056",1100-1310,520-640,510-640,34%,23-28,23-29,22-28, ,15%
320,Goshen College,https://www.niche.com/colleges/goshen-college/admissions,64%,"1,210",980-1230,490-620,490-610,76%,19-28,19-27,18-27, ,31%
321,Oral Roberts University,https://www.niche.com/colleges/oral-roberts-university/admissions,93%,"2,433",990-1210,500-620,490-590,26%,20-26,20-27,18-25, ,74%
322,CUNY John Jay College of Criminal Justice,https://www.niche.com/colleges/cuny-john-jay-college-of-criminal-justice/admissions,39%,"15,287",980-1130,490-570,490-560,83%, , , , ,0%
323,University of Northern Iowa,https://www.niche.com/colleges/university-of-northern-iowa/admissions,81%,"5,494",1080-1360,540-670,540-690,1%,21-26,20-26,18-25,8-Jun,99%
324,Ithaca College,https://www.niche.com/colleges/ithaca-college/admissions,71%,"14,152", , ,530-640, ,23-28,23-29,23-28,9-Jul, 
325,University of Maryland - Baltimore County,https://www.niche.com/colleges/university-of-maryland---baltimore-county/admissions,60%,"11,201",1140-1360,550-670,590-690,81%,24-29,23-29,23-30, ,27%
326,St. Mary's College of Maryland,https://www.niche.com/colleges/st-marys-college-of-maryland/admissions,82%,"1,655",1070-1290,540-650,530-640,80%,22-28,20-27,22-31, ,31%
327,North Dakota State University,https://www.niche.com/colleges/north-dakota-state-university/admissions,92%,"6,424",1060-1330,520-660,540-670,2%,21-26,19-25,21-27, ,97%
328,Adelphi University,https://www.niche.com/colleges/adelphi-university/admissions,73%,"11,851",1060-1240,530-620,530-620,68%,22-27,21-27,21-27,8-Jul,26%
329,Westmont College,https://www.niche.com/colleges/westmont-college/admissions,81%,"1,818",1060-1280,580-700,550-680,71%,23-30,23-33,23-28,10-Jul,55%
330,Xavier University,https://www.niche.com/colleges/xavier-university/admissions,74%,"13,006",1060-1240,540-620,520-620,34%,22-28,22-29,21-27, ,77%
331,New Jersey Institute of Technology,https://www.niche.com/colleges/new-jersey-institute-of-technology/admissions,61%,"7,254",1190-1370,580-670,610-700,84%,24-30,22-31,25-31, ,26%
332,University of Louisiana - Lafayette,https://www.niche.com/colleges/university-of-louisiana---lafayette/admissions,51%,"10,436",820-1180,310-580,510-600,2%,21-26,22-28,20-25, ,98%
333,University of Massachusetts - Lowell,https://www.niche.com/colleges/university-of-massachusetts---lowell/admissions,69%,"11,181",1130-1310,560-650,570-660,83%,24-29,22-29,24-28, ,14%
334,St. Mary's University - Texas,https://www.niche.com/colleges/st-marys-university---texas/admissions,80%,"4,468",1040-1230,520-620,520-610,73%,20-26,19-25,18-25,8-Jun,45%
335,Maryville University,https://www.niche.com/colleges/maryville-university/admissions,92%,"2,241",980-1260,480-620,500-650,7%,21-27,20-27,19-26, ,85%
336,John Brown University,https://www.niche.com/colleges/john-brown-university/admissions,76%,"1,198",1080-1310,550-680,530-630,19%,24-29,23-32,22-27,8-Jun,87%
337,Centre College,https://www.niche.com/colleges/centre-college/admissions,76%,"2,454",1170-1410,590-680,580-730,20%,26-31,26-34,25-31,9-Aug,81%
338,Azusa Pacific University,https://www.niche.com/colleges/azusa-pacific-university/admissions,60%,"8,939",990-1220,480-610,510-610,78%,21-27,21-28,20-27, ,42%
339,MidAmerica Nazarene University,https://www.niche.com/colleges/midamerica-nazarene-university/admissions,66%,957,910-1200,440-600,470-600,13%,18-24,17-25,17-25, ,90%
340,Bryant University,https://www.niche.com/colleges/bryant-university/admissions,73%,"7,242",1050-1220,500-590,535-630,72%,22-26, , , ,13%
341,Emerson College,https://www.niche.com/colleges/emerson-college/admissions,46%,"10,360",1200-1360,620-700,580-660,69%,26-30,26-33,23-28,10-Aug,41%
342,Regis University,https://www.niche.com/colleges/regis-university/admissions,60%,"7,388",1070-1270,550-640,520-620,24%,20-26,21-26,19-26, ,85%
343,University of Michigan - Dearborn,https://www.niche.com/colleges/university-of-michigan---dearborn/admissions,64%,"5,731",1100-1300,530-640,530-650,80%,22-27,22-29,22-28, ,33%
344,Baldwin Wallace University,https://www.niche.com/colleges/baldwin-wallace-university/admissions,78%,"3,576",950-1200,470-590,480-600,34%,21-26,21-26,20-26, ,78%
345,Dordt College,https://www.niche.com/colleges/dordt-college/admissions,72%,"1,443",1050-1320,530-660,520-660,15%,22-28,21-28,21-27, ,85%
346,Georgia Southern University,https://www.niche.com/colleges/georgia-southern-university/admissions,68%,"9,202",1100-1230,560-630,540-600,65%,22-26,21-26,20-25,8-Jun,57%
347,Citadel Military College of South Carolina,https://www.niche.com/colleges/citadel-military-college-of-south-carolina/admissions,81%,"2,642",1020-1220,510-610,510-610,44%,20-25,19-25,19-25, ,49%
348,Martin Luther College,https://www.niche.com/colleges/martin-luther-college/admissions,71%,296,1090-1280,570-640,520-640,7%,21-28,21-29,21-27,8-Jun,93%
349,University of North Carolina at Asheville,https://www.niche.com/colleges/university-of-north-carolina-at-asheville/admissions,80%,"3,437",1080-1260,550-650,530-610,52%,22-28,22-29,21-26,8-Jun,46%
350,Western Michigan University,https://www.niche.com/colleges/western-michigan-university/admissions,82%,"14,263",960-1190,490-600,470-590,69%,20-26,20-26,18-26, ,45%
351,Virginia Commonwealth University,https://www.niche.com/colleges/virginia-commonwealth-university/admissions,84%,"15,248",1070-1260,550-640,520-620,85%,21-27,21-28,19-26, ,25%
352,University of North Carolina - Wilmington,https://www.niche.com/colleges/university-of-north-carolina---wilmington/admissions,67%,"11,677",1180-1310,600-660,580-650,34%,23-27,22-27,21-26,8-Jun,73%
353,Texas State University,https://www.niche.com/colleges/texas-state-university/admissions,73%,"24,277",1020-1200,510-610,510-590,69%,20-26,19-25,19-25,8-Jun,31%
354,University of Wisconsin - Eau Claire,https://www.niche.com/colleges/university-of-wisconsin---eau-claire/admissions,76%,"6,781", , , ,0%,21-26,21-26,21-26,8-Jul,99%
355,Howard University,https://www.niche.com/colleges/howard-university/admissions,41%,"16,815",1090-1290,550-650,540-640,65%,22-28,22-30,21-27, ,49%
356,Knox College,https://www.niche.com/colleges/knox-college/admissions,72%,"3,231", , , , , , , , , 
357,"University at Albany, SUNY",https://www.niche.com/colleges/university-at-albany-suny/admissions,54%,"24,887",1080-1260,550-650,530-610,86%,22-26, , , ,25%
358,Northwest Nazarene University,https://www.niche.com/colleges/northwest-nazarene-university/admissions,73%,967,1030-1230,530-630,500-600,78%,20-27,21-26,19-27, ,53%
359,University of La Verne,https://www.niche.com/colleges/university-of-la-verne/admissions,48%,"8,012",1020-1190,510-600,510-590,89%,19-25,18-24,18-25, ,22%
360,University of North Texas,https://www.niche.com/colleges/university-of-north-texas/admissions,72%,"18,650",1060-1260,540-640,520-620,65%,21-27,21-27,19-26, ,34%
361,University of California - Riverside,https://www.niche.com/colleges/university-of-california---riverside/admissions,57%,"43,682",1090-1300,550-640,540-660,91%,23-29,22-29,22-28, ,51%
362,Eckerd College,https://www.niche.com/colleges/eckerd-college/admissions,73%,"4,525",1060-1260,540-650,520-610,54%,23-29,22-29,20-27, ,59%
363,Utah State University,https://www.niche.com/colleges/utah-state-university/admissions,89%,"15,555",1000-1220,490-600,510-620,3%,21-27,20-28,19-27, ,91%
364,Saint Michael's College,https://www.niche.com/colleges/saint-michaels-college/admissions,85%,"3,094",1060-1290,530-630,520-620,63%,23-28,22-27,22-27, ,20%
365,Stanbridge University,https://www.niche.com/colleges/stanbridge-university/admissions,58%,"1,068", , , , , , , , , 
366,University of the Sciences,https://www.niche.com/colleges/university-of-the-sciences/admissions,61%,"3,601",1130-1300,560-640,570-660,87%,24-29,23-29,24-29, ,28%
367,University of St. Thomas - Texas,https://www.niche.com/colleges/university-of-st-thomas---texas/admissions,81%,"1,060",1070-1240,540-620,530-620,70%,21-27,21-26,19-27,8-Jul,27%
368,University of North Carolina at Charlotte,https://www.niche.com/colleges/university-of-north-carolina-at-charlotte/admissions,66%,"16,696",1110-1270,560-630,550-640,62%,22-26,20-25,21-26,8-Jun,70%
369,East Carolina University,https://www.niche.com/colleges/east-carolina-university/admissions,79%,"15,860",1030-1180,520-590,510-590,49%,20-24,19-24,18-24,8-Jun,50%
370,California Lutheran University,https://www.niche.com/colleges/california-lutheran-university/admissions,73%,"5,251",1060-1230,540-620,520-610,70%,21-27,21-28,20-27, ,41%
371,Ball State University,https://www.niche.com/colleges/ball-state-university/admissions,62%,"24,191",1080-1240,550-630,530-610,59%,20-24,19-24,18-24, ,40%
372,Rutgers University - Camden,https://www.niche.com/colleges/rutgers-university---camden/admissions,69%,"11,338",1000-1180,500-590,500-590,94%, , , , ,0%
373,University of Minnesota - Morris,https://www.niche.com/colleges/university-of-minnesota---morris/admissions,64%,"3,211",1150-1390,560-680,590-710,8%,22-28,20-28,21-27,8-Jul,96%
374,Mississippi College,https://www.niche.com/colleges/mississippi-college/admissions,39%,"2,918",1070-1290,550-660,520-630,12%,22-29,22-32,20-27, ,94%
375,University of North Florida,https://www.niche.com/colleges/university-of-north-florida/admissions,59%,"14,305",1090-1280,560-650,530-630,53%,21-26,21-26,19-25,8-Jul,47%
376,Indiana Wesleyan University,https://www.niche.com/colleges/indiana-wesleyan-university/admissions,72%,"3,796",1010-1220,510-620,500-600,68%,21-26,21-28,19-26,9-Jul,59%
377,Fashion Institute of Technology,https://www.niche.com/colleges/fashion-institute-of-technology/admissions,47%,"4,739", , , , , , , , , 
378,Hanover College,https://www.niche.com/colleges/hanover-college/admissions,84%,"2,757",1070-1260,540-640,530-620,45%,22-27,21-28,20-27,8-Jul,55%
379,Arizona State University - Downtown Phoenix Campus,https://www.niche.com/colleges/arizona-state-university---downtown-phoenix-campus/admissions,77%,"5,340",1070-1260,540-640,530-620,48%,21-26,20-27,20-26, ,71%
380,Dallas Baptist University,https://www.niche.com/colleges/dallas-baptist-university/admissions,39%,"3,770",1090-1250,560-640,530-610,44%,19-24, , , ,56%
381,Stonehill College,https://www.niche.com/colleges/stonehill-college/admissions,72%,"6,260",1030-1230,520-620,530-630,84%,24-27, , , ,19%
382,Loras College,https://www.niche.com/colleges/loras-college/admissions,95%,"1,161",1030-1170,500-580,530-600,2%,20-26,20-25,19-25, ,96%
383,Illinois State University,https://www.niche.com/colleges/illinois-state-university/admissions,89%,"11,592", , , ,0%,21-26,20-26,19-26, ,98%
384,William Carey University,https://www.niche.com/colleges/william-carey-university/admissions,49%,891,990-1160,500-560,490-600,14%,21-28,21-30,18-25, ,86%
385,Berklee College of Music,https://www.niche.com/colleges/berklee-college-of-music/admissions,53%,"6,222", , , , , , , , , 
386,Franciscan Missionaries of Our Lady University,https://www.niche.com/colleges/franciscan-missionaries-of-our-lady-university/admissions,48%,320, , , ,0%,20-23,19-24,17-23, ,92%
387,University of Nevada - Reno,https://www.niche.com/colleges/university-of-nevada---reno/admissions,88%,"9,721",1070-1260,540-630,530-630,52%,21-26,20-26,19-26,8-Jul,81%
388,College of Charleston,https://www.niche.com/colleges/college-of-charleston/admissions,80%,"11,900",1070-1230,550-630,520-600,49%,22-27,22-28,20-26, ,54%
389,Jefferson College of Health Sciences,https://www.niche.com/colleges/jefferson-college-of-health-sciences/admissions,39%,510,930-1160,480-600,450-560,96%,19-25, , , ,29%
390,Pittsburg State University,https://www.niche.com/colleges/pittsburg-state-university/admissions,87%,"2,486", , , ,0%,19-25,18-25,18-25, ,94%
391,Oregon Institute of Technology,https://www.niche.com/colleges/oregon-institute-of-technology/admissions,61%,"1,314",1040-1230,520-620,520-610,75%,21-26,19-25,21-26, ,17%
392,CUNY Brooklyn College,https://www.niche.com/colleges/cuny-brooklyn-college/admissions,40%,"20,642",1050-1210,520-600,530-610,81%, , , , ,0%
393,University of Washington - Tacoma,https://www.niche.com/colleges/university-of-washington---tacoma/admissions,84%,"1,982",980-1190,490-600,490-590,92%,18-24,16-23,17-25,8-Jun,13%
394,University of North Dakota,https://www.niche.com/colleges/university-of-north-dakota/admissions,83%,"5,230",1050-1270,530-630,520-640,1%,21-26,20-25,21-27, ,93%
395,California State University - Fullerton,https://www.niche.com/colleges/california-state-university---fullerton/admissions,46%,"45,808",1020-1180,510-590,510-590,92%,19-24,18-24,18-25, ,38%
396,Winthrop University,https://www.niche.com/colleges/winthrop-university/admissions,73%,"4,573",980-1200,500-620,480-580,28%,19-25, , , ,72%
397,The Master's University,https://www.niche.com/colleges/the-masters-university/admissions,66%,617,1030-1240,520-640,510-600,62%,20-23,19-23,16-24, ,40%
398,CUNY Queens College,https://www.niche.com/colleges/cuny-queens-college/admissions,43%,"18,180",1060-1220,520-600,540-620,70%, , , , ,0%
399,Wittenberg University,https://www.niche.com/colleges/wittenberg-university/admissions,72%,"7,249",1040-1240,500-620,500-620,23%,23-28,22-29,22-28, ,55%
400,Gannon University,https://www.niche.com/colleges/gannon-university/admissions,80%,"4,642",990-1220,500-610,490-610,80%,20-26,20-26,19-26, ,42%
401,Saint Mary's College - Indiana,https://www.niche.com/colleges/saint-marys-college---indiana/admissions,78%,"1,830",1030-1250,530-630,500-620,54%,23-29,23-30,22-28, ,67%
402,California State University - Chico,https://www.niche.com/colleges/california-state-university---chico/admissions,68%,"23,305",990-1170,500-590,490-580,85%,19-25,17-24,18-25, ,42%
403,Wayne State University,https://www.niche.com/colleges/wayne-state-university/admissions,67%,"15,331",1000-1210,500-610,500-600,80%,21-28,21-29,19-27, ,38%
404,University of Memphis,https://www.niche.com/colleges/university-of-memphis/admissions,85%,"13,741",1010-1230,510-630,500-600,4%,19-25,20-26,18-25,7-Jun,95%
405,St. Bonaventure University,https://www.niche.com/colleges/st-bonaventure-university/admissions,71%,"2,986",1020-1220,510-610,510-610,86%,21-27,20-26,19-27,8-Jul,43%
406,Lake Forest College,https://www.niche.com/colleges/lake-forest-college/admissions,53%,"4,303",1020-1240, , ,23%, , , , ,78%
407,Beloit College,https://www.niche.com/colleges/beloit-college/admissions,54%,"5,400",1065-1370,520-680,545-690,25%,24-30,24-31,23-28, ,45%
408,Washington & Jefferson College,https://www.niche.com/colleges/washington--and--jefferson-college/admissions,48%,"5,358", , , , , , , , , 
409,Eastern Mennonite University,https://www.niche.com/colleges/eastern-mennonite-university/admissions,54%,"1,232",990-1170,500-590,490-580,84%,20-28,18-29,19-28,8-Jun,25%
410,SUNY Maritime College,https://www.niche.com/colleges/suny-maritime-college/admissions,69%,"1,272",1100-1250,550-620,550-630,83%,22-26, , , ,40%
411,CUNY City College of New York,https://www.niche.com/colleges/cuny-city-college-of-new-york/admissions,46%,"21,207",1040-1240,510-610,530-630,78%, , , , ,0%
412,Earlham College,https://www.niche.com/colleges/earlham-college/admissions,52%,"2,799",1190-1400,610-700,580-700,44%,25-30,25-30,24-27, ,47%
413,University of Nebraska at Kearney,https://www.niche.com/colleges/university-of-nebraska-at-kearney/admissions,82%,"5,911",1040-1140,510-560,520-590,1%,19-25,18-25,18-25, ,94%
414,Western Washington University,https://www.niche.com/colleges/western-washington-university/admissions,85%,"11,244",1080-1280,550-650,530-630,82%,22-28,22-29,20-27,8-Jul,31%
415,Quinnipiac University,https://www.niche.com/colleges/quinnipiac-university/admissions,74%,"22,071",1080-1260,550-630,530-630,71%,23-27,22-28,22-27, ,31%
416,University of North Alabama,https://www.niche.com/colleges/university-of-north-alabama/admissions,70%,"3,969",970-1190,520-610,460-580,2%,19-25,19-25,17-24, ,97%
417,Simmons College,https://www.niche.com/colleges/simmons-college/admissions,60%,"3,483",1130-1310,580-660,550-650,86%,24-29,23-30,23-27, ,14%
418,Albion College,https://www.niche.com/colleges/albion-college/admissions,71%,"3,884",1010-1200,510-610,500-590,65%,20-26,20-26,19-25,8-Jul,53%
419,Bellarmine University,https://www.niche.com/colleges/bellarmine-university/admissions,89%,"5,692",1050-1210,530-610,520-600,16%,22-27,21-27,23-29, ,93%
420,Salisbury University,https://www.niche.com/colleges/salisbury-university/admissions,65%,"8,171",1080-1230,530-610,540-620,58%,22-26,21-26,21-26,8-Jun,17%
421,Roanoke College,https://www.niche.com/colleges/roanoke-college/admissions,67%,"5,117",1040-1230,530-630,510-600,81%,22-27,21-28,20-25,8-Jun,32%
422,University of St. Francis - Illinois,https://www.niche.com/colleges/university-of-st-francis---illinois/admissions,52%,"1,560",1030-1240,490-630,540-610,6%,20-25,20-25,19-25, ,90%
423,Ursinus College,https://www.niche.com/colleges/ursinus-college/admissions,78%,"3,488",1110-1310,560-660,550-650,64%,24-30,23-30,24-28, ,27%
424,University of South Florida - St. Petersburg,https://www.niche.com/colleges/university-of-south-florida---st-petersburg/admissions,40%,"5,575",1080-1230,550-630,530-600,66%,22-26,22-27,21-25,8-Jul,34%
425,Towson University,https://www.niche.com/colleges/towson-university/admissions,77%,"12,747",1060-1210,540-610,520-600,83%,21-25,20-25,19-25,8-Jul,27%
426,Westminster College - Utah,https://www.niche.com/colleges/westminster-college---utah/admissions,100%,"1,702",1060-1270,530-640,530-630,26%,21-28,20-27,21-29, ,78%
427,Sarah Lawrence College,https://www.niche.com/colleges/sarah-lawrence-college/admissions,53%,"3,463",1240-1410,650-730,590-680,39%,27-31,28-35,23-28, ,36%
428,Otterbein University,https://www.niche.com/colleges/otterbein-university/admissions,76%,"3,119",1040-1300,520-660,520-650,20%,21-27,21-27,21-26,8-Jul,93%
429,University of Wisconsin - Whitewater,https://www.niche.com/colleges/university-of-wisconsin---whitewater/admissions,70%,"6,745",890-1110,420-520,470-590,0%,20-24,19-24,18-25,8-Jun,98%
430,Illinois College,https://www.niche.com/colleges/illinois-college/admissions,55%,"4,121",820-1120, , ,10%, , , , ,85%
431,Fashion Institute of Design & Merchandising - Los Angeles,https://www.niche.com/colleges/fashion-institute-of-design--and--merchandising---los-angeles/admissions,39%,"1,538", , , , , , , , , 
432,Birmingham-Southern College,https://www.niche.com/colleges/birmingham-southern-college/admissions,62%,"2,559",1030-1260,520-630,510-630,18%,23-29,23-31,22-27, ,83%
433,California Baptist University,https://www.niche.com/colleges/california-baptist-university/admissions,77%,"5,039",980-1190,500-600,480-590,77%,19-25,17-25,17-24, ,41%
434,Arizona State University - West Campus,https://www.niche.com/colleges/arizona-state-university---west-campus/admissions,80%,"2,231",1040-1250,530-630,510-620,39%,20-25,19-25,19-25, ,65%
435,Saint Mary's College of California,https://www.niche.com/colleges/saint-marys-college-of-california/admissions,82%,"4,636",1060-1240,540-630,520-610,66%,22-27,21-28,20-26,8-Jul,44%
436,Monmouth University,https://www.niche.com/colleges/monmouth-university/admissions,74%,"9,261",970-1190,490-600,480-590,81%,19-26, , , ,18%
437,Alfred University,https://www.niche.com/colleges/alfred-university/admissions,63%,"3,566",990-1210,490-610,500-600,90%,21-26,19-26,20-27, ,29%
438,Murray State University,https://www.niche.com/colleges/murray-state-university/admissions,87%,"6,900",980-1190,470-560,510-630,8%,21-27,21-29,19-26, ,95%
439,Eastern Illinois University,https://www.niche.com/colleges/eastern-illinois-university/admissions,52%,"6,965", , , ,0%,18-23,17-23,16-23, ,97%
440,Drew University,https://www.niche.com/colleges/drew-university/admissions,56%,"3,205",1030-1250,520-640,510-610,86%,23-28,21-29,20-26, ,27%
441,Georgia State University,https://www.niche.com/colleges/georgia-state-university/admissions,70%,"14,462",1040-1220,530-620,510-600,78%,19-26,20-26,20-26, ,46%
442,Montana Technological University,https://www.niche.com/colleges/montana-technological-university/admissions,92%,630,1120-1300,540-630,580-670,16%,22-27,20-25,24-27,8-Jun,84%
443,William Jessup University,https://www.niche.com/colleges/william-jessup-university/admissions,66%,816,1000-1220,500-600,500-610,77%,21-26,19-26,20-26, ,46%
444,SUNY Geneseo,https://www.niche.com/colleges/suny-geneseo/admissions,72%,"8,789",1120-1300,570-650,550-650,68%,24-29, , , ,31%
445,University of Wisconsin - Milwaukee,https://www.niche.com/colleges/university-of-wisconsin---milwaukee/admissions,72%,"10,232", , , ,0%,20-25,19-25,18-25,8-Jun,97%
446,Milligan College,https://www.niche.com/colleges/milligan-college/admissions,58%,722,1000-1220,500-630,500-590,34%,23-27,22-30,21-27, ,82%
447,Adventist University of Health Sciences,https://www.niche.com/colleges/adventist-university-of-health-sciences/admissions,97%,317,920-1050,470-540,450-510,83%,19-23,20-23,17-22, ,64%
448,SUNY New Paltz,https://www.niche.com/colleges/suny-new-paltz/admissions,44%,"13,753",1100-1260,560-640,540-620,86%,23-28,22-28,22-27,8-Jul,26%
449,Florida A&M University,https://www.niche.com/colleges/florida-a-and-m-university/admissions,46%,"7,533",1000-1140,500-580,500-560,35%,18-22,16-22,17-22,8-Jun,65%
450,Berry College,https://www.niche.com/colleges/berry-college/admissions,62%,"3,883",1120-1300,570-660,550-640,39%,24-29,24-30,22-27, ,61%
451,University of Nebraska at Omaha,https://www.niche.com/colleges/university-of-nebraska-at-omaha/admissions,87%,"9,158",840-1100,420-560,420-540,1%,19-26,18-26,17-25,8-Jun,97%
452,Spalding University,https://www.niche.com/colleges/spalding-university/admissions,59%,934,980-1120,490-580,490-540,10%,18-23,17-23,17-23, ,90%
453,Xavier University of Louisiana,https://www.niche.com/colleges/xavier-university-of-louisiana/admissions,64%,"7,165",960-1180,490-590,470-590,28%,20-26,20-27,18-25, ,82%
454,University of Wisconsin - Stevens Point,https://www.niche.com/colleges/university-of-wisconsin---stevens-point/admissions,84%,"3,655", , , ,0%,20-25,19-25,18-25,8-Jun,96%
455,Mills College,https://www.niche.com/colleges/mills-college/admissions,87%,961,925-1233,485-640,440-593,58%,23-29, , , ,23%
456,Carroll College,https://www.niche.com/colleges/carroll-college/admissions,78%,"2,686",1080-1270,540-640,540-630,45%,22-28,21-27,21-27,9-Jun,70%
457,Massachusetts College of Pharmacy & Health Sciences,https://www.niche.com/colleges/massachusetts-college-of-pharmacy--and--health-sciences/admissions,84%,"5,526",1040-1270,520-620,520-650,76%,22-28,20-26,21-27,9-Aug,23%
458,University of Massachusetts - Boston,https://www.niche.com/colleges/university-of-massachusetts---boston/admissions,75%,"10,507",1040-1220,520-610,520-610,70%,21-26,21-29,21-26, ,9%
459,University of New Hampshire at Manchester,https://www.niche.com/colleges/university-of-new-hampshire-at-manchester/admissions,61%,251,1050-1220,530-620,520-600,98%,22-26,22-28,19-29, ,2%
460,Transylvania University,https://www.niche.com/colleges/transylvania-university/admissions,95%,"1,567",1040-1300,510-640,530-660,22%,25-30,25-33,24-29, ,90%
461,Abilene Christian University,https://www.niche.com/colleges/abilene-christian-university/admissions,58%,"10,252",1020-1220,510-620,520-600,47%,21-26,20-26,20-26,8-Jun,52%
462,George Fox University,https://www.niche.com/colleges/george-fox-university/admissions,82%,"2,877",1050-1270,530-650,520-620,78%,21-27,20-28,20-27,8-Jun,41%
463,Wheaton College - Massachusetts,https://www.niche.com/colleges/wheaton-college---massachusetts/admissions,48%,"6,089",1150-1350,590-680,560-670,42%,26-30, , , ,15%
464,Brigham Young University - Hawaii,https://www.niche.com/colleges/brigham-young-university---hawaii/admissions,37%,"3,340",1090-1250,550-630,540-620,25%,22-26,22-27,21-26, ,78%
465,University of Mary Washington,https://www.niche.com/colleges/university-of-mary-washington/admissions,73%,"5,977",1080-1260,550-650,530-610,73%,22-27,19-26,21-28, ,26%
466,Wilkes University,https://www.niche.com/colleges/wilkes-university/admissions,75%,"4,067",1040-1220,520-610,520-610,89%,21-26,19-25,19-27, ,22%
467,Lipscomb University,https://www.niche.com/colleges/lipscomb-university/admissions,60%,"3,581",1060-1330,540-670,520-660,22%,23-29,23-32,22-28, ,90%
468,University of Minnesota Duluth,https://www.niche.com/colleges/university-of-minnesota-duluth/admissions,77%,"8,693",1050-1280,520-640,530-640,2%,22-26,20-26,21-27,8-Jul,99%
469,Jacksonville University,https://www.niche.com/colleges/jacksonville-university/admissions,87%,"2,978",930-1150,460-560,470-590,8%,21-27,20-27,19-26, ,26%
470,University of North Carolina - Greensboro,https://www.niche.com/colleges/university-of-north-carolina---greensboro/admissions,78%,"8,501",1030-1180,520-600,510-580,56%,20-25,19-25,18-24,8-Jun,47%
471,Presbyterian College,https://www.niche.com/colleges/presbyterian-college/admissions,65%,"2,277",1020-1250,510-620,510-630,47%,21-27, , , ,53%
472,University of Baltimore,https://www.niche.com/colleges/university-of-baltimore/admissions,81%,426,890-1110,450-580,440-530,67%,16-22,17-21,16-20, ,9%
473,University of Redlands,https://www.niche.com/colleges/university-of-redlands/admissions,75%,"4,776",1070-1250,540-630,530-620,68%,23-28,23-28,21-27, ,32%
474,Montana State University,https://www.niche.com/colleges/montana-state-university/admissions,83%,"16,769",1090-1300,550-650,540-650,29%,21-28,20-27,20-27, ,78%
475,Johnson University,https://www.niche.com/colleges/johnson-university/admissions,98%,247,980-1240,500-620,480-620,36%,19-25,19-25,18-24, ,77%
476,Saint Edward's University,https://www.niche.com/colleges/saint-edwards-university/admissions,84%,"5,519",1080-1250,550-640,530-610,56%,22-28,22-28,21-26, ,41%
477,University of Minnesota - Crookston,https://www.niche.com/colleges/university-of-minnesota---crookston/admissions,69%,"1,377",960-1140,470-580,490-560,10%,19-24,18-23,19-25,8-Jun,92%
478,Stetson University,https://www.niche.com/colleges/stetson-university/admissions,68%,"11,732",1070-1270,530-630,525-630,50%,25-28,25-28,23-28,8-Jul,36%
479,Hampden-Sydney College,https://www.niche.com/colleges/hampden-sydney-college/admissions,55%,"3,573",1050-1260,530-640,520-630,79%,21-27,20-27,20-26, ,42%
480,Florida Gulf Coast University,https://www.niche.com/colleges/florida-gulf-coast-university/admissions,64%,"13,832",1060-1210,540-610,520-600,54%,21-25,21-26,20-25,8-Jul,66%
481,Washington College,https://www.niche.com/colleges/washington-college/admissions,48%,"5,515",1040-1280,540-630,530-620,95%,23-27, , , ,22%
482,South Dakota State University,https://www.niche.com/colleges/south-dakota-state-university/admissions,91%,"5,551",980-1260,480-630,500-630,3%,20-26,18-25,19-26, ,97%
483,Lancaster Bible College - Capital Seminary & Graduate School,https://www.niche.com/colleges/lancaster-bible-college---capital-seminary--and--graduate-school/admissions,72%,376,940-1170,480-590,460-580,81%,20-25,19-27,17-24, ,23%
484,Grand Valley State University,https://www.niche.com/colleges/grand-valley-state-university/admissions,81%,"17,533",1050-1230,530-620,520-610,76%,21-26,21-27,20-26,8-Jul,54%
485,Maine Maritime Academy,https://www.niche.com/colleges/maine-maritime-academy/admissions,80%,760,990-1180,490-590,500-590,89%,18-24,16-23,19-24, ,13%
486,Hollins University,https://www.niche.com/colleges/hollins-university/admissions,48%,"2,842",1110-1300,580-680,530-620,75%,23-28, , , ,37%
487,Lycoming College,https://www.niche.com/colleges/lycoming-college/admissions,64%,"1,924",990-1200,490-600,500-600,85%,21-25, , , ,24%
488,Embry-Riddle Aeronautical University - Worldwide,https://www.niche.com/colleges/embry-riddle-aeronautical-university---worldwide/admissions,63%,"1,108", , , , , , , , , 
489,Indiana University-Purdue University - Indianapolis (IUPUI),https://www.niche.com/colleges/indiana-university-purdue-university---indianapolis-iupui/admissions,80%,"11,091",1000-1190,500-600,500-590,85%,19-26,18-25,18-26,8-Jun,46%
490,The College of Idaho,https://www.niche.com/colleges/the-college-of-idaho/admissions,76%,"1,665",920-1190,450-600,470-590,91%,21-27,20-27,20-27, ,63%
491,California Institute of the Arts,https://www.niche.com/colleges/california-institute-of-the-arts/admissions,24%,"2,265", , , , , , , , , 
492,Molloy College,https://www.niche.com/colleges/molloy-college/admissions,76%,"4,188",1060-1210,530-610,530-600,84%,21-27, , , ,36%
493,Western Illinois University,https://www.niche.com/colleges/western-illinois-university/admissions,60%,"9,767", , , ,0%,18-23,17-23,17-23, ,96%
494,La Salle University,https://www.niche.com/colleges/la-salle-university/admissions,79%,"6,566",870-1080,440-540,430-540,79%,19-25, , , ,20%
495,Concordia University - Nebraska,https://www.niche.com/colleges/concordia-university---nebraska/admissions,75%,"1,537",920-1100,480-550,440-550,22%,21-26,20-26,19-26, ,85%
496,University of Texas - Arlington,https://www.niche.com/colleges/university-of-texas---arlington/admissions,71%,"12,333",1060-1270,530-630,530-640,85%,20-27,19-26,19-26,8-Jun,42%
497,Saint John's University - Minnesota,https://www.niche.com/colleges/saint-johns-university---minnesota/admissions,80%,"1,639",970-1190,490-590,480-600,11%,22-27,21-27,22-28,8-Jul,90%
498,Fresno Pacific University,https://www.niche.com/colleges/fresno-pacific-university/admissions,72%,623,980-1140,490-580,480-560,75%,18-22,16-22,16-22, ,36%
499,Stockton University,https://www.niche.com/colleges/stockton-university/admissions,82%,"5,706",1010-1200,510-610,500-590,95%,19-25,18-25,18-26, ,20%